{"cameraMode":{"drawMode":0,"name":"Shaded","section":"Shading Mode"},"sceneLighting":false,"audioPlay":false,"sceneViewState":{"m_AlwaysRefresh":false,"showFog":true,"showSkybox":true,"showFlares":true,"showImageEffects":true,"showParticleSystems":true,"showVisualEffectGraphs":true,"m_FxEnabled":true},"in2DMode":false,"pivot":{"x":-0.0009061768651008606,"y":0.30000001192092898,"z":0.00009026378393173218},"rotation":{"x":0.17197100818157197,"y":-0.490726113319397,"z":0.0994902029633522,"w":0.8484019041061401},"size":1.4605740308761597,"orthographic":true}