{"cameraMode":{"drawMode":0,"name":"Shaded","section":"Shading Mode"},"sceneLighting":false,"audioPlay":false,"sceneViewState":{"m_AlwaysRefresh":false,"showFog":true,"showSkybox":true,"showFlares":true,"showImageEffects":true,"showParticleSystems":true,"showVisualEffectGraphs":true,"m_FxEnabled":true},"in2DMode":false,"pivot":{"x":0.44243764877319338,"y":2.712043285369873,"z":-0.10315942019224167},"rotation":{"x":0.2752161920070648,"y":-0.2469145953655243,"z":0.07333613932132721,"w":0.9262658953666687},"size":3.3119280338287355,"orthographic":false}