{"cameraMode":{"drawMode":0,"name":"Shaded","section":"Shading Mode"},"sceneLighting":false,"audioPlay":false,"sceneViewState":{"m_AlwaysRefresh":false,"showFog":true,"showSkybox":true,"showFlares":true,"showImageEffects":true,"showParticleSystems":true,"showVisualEffectGraphs":true,"m_FxEnabled":true},"in2DMode":false,"pivot":{"x":0.45100000500679018,"y":1.4700000286102296,"z":-0.20999999344348908},"rotation":{"x":0.013024908490478993,"y":-0.9703876376152039,"z":0.2352183610200882,"w":0.053707584738731387},"size":2.5124714374542238,"orthographic":false}