{"cameraMode":{"drawMode":0,"name":"Shaded","section":"Shading Mode"},"sceneLighting":false,"audioPlay":false,"sceneViewState":{"m_AlwaysRefresh":false,"showFog":true,"showSkybox":true,"showFlares":true,"showImageEffects":true,"showParticleSystems":true,"showVisualEffectGraphs":true,"m_FxEnabled":true},"in2DMode":false,"pivot":{"x":0.2021627277135849,"y":0.2974945902824402,"z":-0.004114469513297081},"rotation":{"x":-0.014734090305864811,"y":0.9654083251953125,"z":-0.25455769896507265,"w":-0.0559462308883667},"size":0.6354692578315735,"orthographic":false}