{"cameraMode":{"drawMode":0,"name":"Shaded","section":"Shading Mode"},"sceneLighting":true,"audioPlay":false,"sceneViewState":{"m_AlwaysRefresh":false,"showFog":true,"showSkybox":true,"showFlares":true,"showImageEffects":true,"showParticleSystems":true,"showVisualEffectGraphs":true,"m_FxEnabled":false},"in2DMode":false,"pivot":{"x":-2.2793328762054445,"y":-3.4349732398986818,"z":-4.915261268615723},"rotation":{"x":-0.4292663633823395,"y":-0.06320661306381226,"z":0.030160274356603624,"w":-0.9005575180053711},"size":20.062101364135743,"orthographic":false}