{"cameraMode":{"drawMode":0,"name":"Shaded","section":"Shading Mode"},"sceneLighting":true,"audioPlay":false,"sceneViewState":{"m_AlwaysRefresh":false,"showFog":true,"showSkybox":true,"showFlares":true,"showImageEffects":true,"showParticleSystems":true,"showVisualEffectGraphs":true,"m_FxEnabled":false},"in2DMode":false,"pivot":{"x":0.3000001907348633,"y":2.1700000762939455,"z":3.489999771118164},"rotation":{"x":0.02394210360944271,"y":-0.9412719011306763,"z":0.3301137685775757,"w":0.06814989447593689},"size":12.12435531616211,"orthographic":false}