{"cameraMode":{"drawMode":0,"name":"Shaded","section":"Shading Mode"},"sceneLighting":true,"audioPlay":false,"sceneViewState":{"m_AlwaysRefresh":false,"showFog":true,"showSkybox":true,"showFlares":true,"showImageEffects":true,"showParticleSystems":true,"showVisualEffectGraphs":true,"m_FxEnabled":true},"in2DMode":false,"pivot":{"x":-0.7690242528915405,"y":2.3056023120880129,"z":3.0325450897216799},"rotation":{"x":-0.2838013768196106,"y":-0.11289957910776138,"z":0.03369654715061188,"w":-0.9517090320587158},"size":11.192838668823243,"orthographic":false}