{"cameraMode":{"drawMode":0,"name":"Shaded","section":"Shading Mode"},"sceneLighting":false,"audioPlay":false,"sceneViewState":{"m_AlwaysRefresh":false,"showFog":true,"showSkybox":true,"showFlares":true,"showImageEffects":true,"showParticleSystems":true,"showVisualEffectGraphs":true,"m_FxEnabled":true},"in2DMode":false,"pivot":{"x":0.18041791021823884,"y":0.21703413128852845,"z":0.11492267996072769},"rotation":{"x":0.06388931721448899,"y":0.8819574117660523,"z":-0.45002204179763796,"w":0.12531456351280213},"size":0.8537380695343018,"orthographic":false}